user,degree,pagerank,community_uf,community_greedy,posts,comments
BusinessToday,132,0.24754020626057588,0,0,30,0
Dr_Doom_0333,2,0.0030355246687629196,0,18,0,1
Remote-Care-2146,3,0.004752517935448742,0,16,0,2
Ok_Worth4113,2,0.0030355246687629196,0,17,0,1
Onetyone_111,1,0.0016407690434692623,0,0,0,1
PlumeCache,1,0.0016407690434692623,0,0,0,1
MrCheapore,1,0.0016407690434692623,0,0,0,1
Salt-Cockroach3353,1,0.0016407690434692623,0,18,0,1
RareTwist625,2,0.003660641989070331,0,16,0,1
Beginning_Junket6821,1,0.0016407690434692623,0,17,0,1
IllustriousShirt129,2,0.0030355246687629196,0,19,0,2
Remote_Tap6299,2,0.0030355246687629196,0,21,0,1
The-Elephants,2,0.0030355246687629196,0,20,0,1
Crunch_Munch_Munch,2,0.0030355246687629196,0,22,0,1
Hitman47_x,1,0.0016407690434692623,0,0,0,1
WAG5PE,1,0.0016407690434692623,0,0,0,1
VernaVincent,1,0.0016407690434692623,0,0,0,1
FamousEstate6708,1,0.0016407690434692623,0,19,0,1
dry7powder,1,0.0016407690434692623,0,21,0,1
Ok_Pin7994,1,0.0016407690434692623,0,20,0,1
Milky_Plug,1,0.0016407690434692623,0,22,0,1
ihategettingbann,4,0.008142592840561598,0,2,0,2
PsychologicalYam3602,4,0.008792263826650878,0,5,0,2
ScratchLife1983,4,0.006936269828205564,0,8,0,2
Open_Reality3232,1,0.0016407690434692623,0,0,0,3
Tlegendz,2,0.0030355246687629196,0,23,0,1
Such-Volume8631,1,0.0016407690434692623,0,0,0,1
ItchyResponse0584,3,0.006929764839391172,0,2,0,2
bitchcoin5000,3,0.0028535970446396898,0,2,0,2
janamrkvova,1,0.0016407690434692623,0,0,0,1
Problematic_Loner,1,0.0016407690434692623,0,0,0,1
ninjamammal,1,0.0016407690434692623,0,0,0,1
EvenAd9876,1,0.0016407690434692623,0,0,0,1
Glittering_Cap_1262,1,0.0016407690434692623,0,0,0,1
PkSaAu,13,0.024889343894519127,0,2,0,4
Falcon10trooper,1,0.0016407690434692623,0,0,0,1
livingbymyself,1,0.0016407690434692623,0,0,0,1
Buffalo_Soldier2024,1,0.0016407690434692623,0,0,0,1
Seattleboy1374,1,0.0016407690434692623,0,0,0,1
Acrobatic_Ear_1888,1,0.0016407690434692623,0,0,0,1
wizzle21,1,0.0016407690434692623,0,0,0,1
Alarmed_Vermicelli68,1,0.0016407690434692623,0,0,0,1
Suspicious-Durian980,1,0.0016407690434692623,0,0,0,1
Sea_Assignment2218,1,0.0016407690434692623,0,0,0,1
Soft_Number_7145,3,0.0028535970446396898,0,2,0,2
sf_warriors,3,0.00677239088104981,0,5,0,1
deviprsd,2,0.004588638988292989,0,8,0,1
ConditionFew2780,1,0.0016407690434692623,0,8,0,1
whachamacallme,0,0.0016407690434692623,1,35,0,1
SniffingBrain,0,0.0016407690434692623,2,36,0,1
saisketches,0,0.0016407690434692623,3,37,0,1
Horror-Shower7672,1,0.0016407690434692623,0,2,0,3
Ugly0gre,1,0.0016407690434692623,0,23,0,1
Remarkable_Class958,4,0.017147795094633617,0,2,0,2
anon-47,1,0.0016407690434692623,0,2,0,1
Penguin_Nipples,1,0.0016407690434692623,0,5,0,1
good_man_101,1,0.0016407690434692623,0,2,0,1
Upset_Photograph2098,1,0.0016407690434692623,0,2,0,1
Icywillow1904,1,0.0016407690434692623,0,2,0,1
mightyzinger5,4,0.012020361079638976,0,2,0,2
Medical_Entertainer6,1,0.0016407690434692623,0,5,0,3
Aromatic-Chemical968,2,0.008928938964167485,0,2,0,1
Psychological-Iron81,2,0.0030355246687629196,0,2,0,1
Next-Owl5090,1,0.0016407690434692623,0,2,0,1
Inside-Respond904,1,0.0016407690434692623,0,2,0,1
Skullkhlown,1,0.0016407690434692623,0,2,0,1
unicosplan,4,0.004393780519054747,0,3,0,2
new_reditor,2,0.003207740932098936,0,1,0,1
lostsoul_43,2,0.0032802708484006788,0,3,0,1
Ok_Ability1345,6,0.00665903240369563,0,1,0,2
Pravrc123,3,0.0047747128207286105,0,1,0,4
Debunk2025,1,0.0016407690434692623,0,0,0,1
Potential_Abies9262,1,0.0016407690434692623,0,0,0,1
etoipi1,1,0.0016407690434692623,0,0,0,1
Fourstrokeperro,2,0.0016407690434692623,0,1,0,3
No-Clue-5593,3,0.004430280294056577,0,9,0,1
GroupFun5219,1,0.0016407690434692623,0,0,0,1
StudiesAlt97,2,0.0026082686779557666,0,1,0,1
SherbertTechnical247,1,0.0016407690434692623,0,0,0,1
amiagoodguy02,1,0.0016407690434692623,0,0,0,1
ImpressiveNeat9039,1,0.0016407690434692623,0,0,0,1
MagicCookie07,2,0.0027737160269695376,0,10,0,1
UsualResponsible593,1,0.0016407690434692623,0,0,0,1
Ok_Mathematician55,4,0.003998564808249501,0,10,0,3
Appropriate-Tap7860,21,0.03137379300023904,0,1,0,17
Maleficent_Owl3938,3,0.005857170272556901,0,24,0,3
Hatiyaar,10,0.01885079597163246,0,3,0,7
Zealousideal-Row608,3,0.0016407690434692623,0,3,0,3
Upper_Cut_3337,6,0.009650410606560907,0,3,0,5
Anonreddit96,3,0.0071333200298068925,0,1,0,3
trumpsucks12354,1,0.0016407690434692623,0,9,0,1
hello-354748,1,0.0016407690434692623,0,9,0,1
darkninjademon,4,0.0034161845382814932,0,1,0,3
666shanx,10,0.03228269776635254,0,1,0,5
CartographerBorn46,3,0.00790865659798796,0,1,0,6
One_Advantage_7193,2,0.004959886489442198,0,24,0,3
Useful-Ad9013,3,0.005323617602583852,0,3,0,1
I_Love_Mice,4,0.008505047844932057,0,3,0,7
Darksenon00,2,0.003928861977290195,0,3,0,2
Stunningunipeg,3,0.004752517935448742,0,1,0,2
Bubbly_Concert1411,5,0.004852367619278546,0,1,0,3
Shoddy-Definition819,2,0.004919772653332095,0,3,0,2
JackedBiker,4,0.006564399340511704,0,1,0,4
Sea_Substance_921,4,0.00417524056658544,0,1,0,4
TimeTravellerAb,2,0.0027737160269695376,0,10,0,2
fourfiftyfiveam,1,0.0016407690434692623,0,3,0,1
cryogenic-goat,2,0.003660641989070331,0,1,0,1
kc_kamakazi,1,0.0016407690434692623,0,1,0,1
STDMCH,2,0.003928861977290195,0,3,0,1
Cosmic-Fear-Garou,9,0.023036300872337535,0,1,0,3
Proud_Bake9949,3,0.008700291918436565,0,1,0,2
fanunu21,5,0.005808274232103898,0,1,0,3
Old-Scholar-1812,1,0.0016407690434692623,0,1,0,1
FinFangFOMO,3,0.009728186721834897,0,1,0,1
muddubooboo,2,0.003207740932098936,0,1,0,1
Ill-Student-5128,1,0.0016407690434692623,0,1,0,1
nimajjibewarsi,1,0.0016407690434692623,0,1,0,1
lonerblues,1,0.0016407690434692623,0,1,0,1
COSMIC_CATACLYSM,1,0.0016407690434692623,0,0,0,1
find_a_rare_uuid,3,0.004430280294056577,0,11,0,1
the_greatest_hustler,2,0.0030355246687629196,0,25,0,1
TreBliGReads,1,0.0016407690434692623,0,0,0,1
No_Extension14,1,0.0016407690434692623,0,0,0,1
No-Emergency2025,1,0.0016407690434692623,0,0,0,1
Prestigious_Spirit63,1,0.0016407690434692623,0,0,0,1
sunilswag,1,0.0016407690434692623,0,0,0,1
khan1234khan1234,1,0.0016407690434692623,0,0,0,1
Fast-Major2645,1,0.0016407690434692623,0,0,0,1
Left_Membership2780,2,0.0030355246687629196,0,26,0,1
bewitchbotherbewild,1,0.0016407690434692623,0,0,0,1
SamePsychology8258,1,0.0016407690434692623,0,0,0,1
GarbageHoardingAlien,1,0.0016407690434692623,0,0,0,1
Familiar-Mention,1,0.0016407690434692623,0,0,0,1
Every-Tart-9402,1,0.0016407690434692623,0,0,0,1
NewMeNewWorld,1,0.0016407690434692623,0,11,0,1
Suitable_Air_2686,1,0.0016407690434692623,0,11,0,1
nandu_sabka_bandhoo,1,0.0016407690434692623,0,25,0,1
Aarish1234,1,0.0016407690434692623,0,26,0,1
bluegoldredsilver5,3,0.004602496557392595,0,1,0,1
Gamer_4_l1f3,1,0.0016407690434692623,0,0,0,1
Inner-Ad-4458,3,0.004430280294056577,0,12,0,1
TecnotasticF,3,0.004752517935448742,0,27,0,2
Confident-View-2645,1,0.0016407690434692623,0,0,0,1
tradingfido,1,0.0016407690434692623,0,0,0,1
humanobserverpro,1,0.0016407690434692623,0,0,0,1
Stock_Ad_308,2,0.0030355246687629196,0,28,0,2
Rare_Recording9563,1,0.0016407690434692623,0,0,0,1
sambarpan,2,0.0027737160269695376,0,6,0,1
great_-serpent,2,0.0027737160269695376,0,6,0,1
calvincat123,1,0.0016407690434692623,0,0,0,1
Extra-Promotion5484,1,0.0016407690434692623,0,1,0,1
higharistocrat,1,0.0016407690434692623,0,12,0,1
Sorry_Ad1899,1,0.0016407690434692623,0,12,0,1
Spirited_Retriever,2,0.003660641989070331,0,27,0,2
chandru321,4,0.003998564808249501,0,6,0,4
vivaldi19,2,0.0027737160269695376,0,6,0,2
TechnoQuickie,1,0.0016407690434692623,0,0,0,1
le_pylesh_de_dragoon,1,0.0016407690434692623,0,0,0,1
microwaved_fully,2,0.0021056875852338147,0,3,0,1
IcyProfession5657,3,0.004325637611391975,0,4,0,2
agbgcgdg,1,0.0016407690434692623,0,0,0,1
benjoel7,2,0.002338146856116091,0,13,0,1
LostNomadGuy,2,0.002338146856116091,0,13,0,1
iamaredditboy,2,0.0021056875852338147,0,3,0,1
Repulsive-Tip2246,1,0.0016407690434692623,0,28,0,1
mulberryadm,2,0.0016407690434692623,0,13,0,2
Acrobatic_Phone_3316,2,0.004220994928727372,0,14,0,1
Trick-Task-1298,1,0.0016407690434692623,0,0,0,1
suni_cat,5,0.009120021720962386,0,7,0,2
Technical-Isopod6554,1,0.0016407690434692623,0,0,0,1
DivineSky5,1,0.0016407690434692623,0,0,0,1
ZrekryuDev,2,0.0030355246687629196,0,29,0,1
Long-Dot9869,1,0.0016407690434692623,0,0,0,1
Dumbus_Alberdore,1,0.0016407690434692623,0,0,0,1
RevolutionEvery1891,1,0.0016407690434692623,0,0,0,1
Impossible_Term4407,1,0.0016407690434692623,0,0,0,1
shim_niyi,2,0.0030355246687629196,0,14,0,2
Key-Ingenuity5643,2,0.005516635987515646,0,7,0,1
Jamesmoltres,1,0.0016407690434692623,0,7,0,2
Mean-Huckleberry526,1,0.0016407690434692623,0,7,0,1
VegetableSense7167,1,0.0016407690434692623,0,29,0,1
Single_Loan1301,1,0.0016407690434692623,0,14,0,1
reachcsrini,1,0.0016407690434692623,0,0,0,1
iambab,1,0.0016407690434692623,0,0,0,1
Certain_Plan_5819,1,0.0016407690434692623,0,0,0,1
arunmaurya0,2,0.002338146856116091,0,15,0,1
Allnamestaken69,1,0.0016407690434692623,0,0,0,1
IcyCalligrapher9544,1,0.0016407690434692623,0,0,0,1
We_R_not_Same,1,0.0016407690434692623,0,0,0,1
Quiet-Armadillo734,2,0.0030355246687629196,0,30,0,1
Affectionate-Ebb9009,1,0.0016407690434692623,0,0,0,1
Prestigious_Piano247,3,0.004752517935448742,0,31,0,2
Due_Imagination_195,3,0.004325637611391975,0,4,0,1
Status-Initial-3861,2,0.0016407690434692623,0,15,0,2
Natural-Ebb-8714,1,0.0016407690434692623,0,30,0,1
FCOranje,2,0.003660641989070331,0,31,0,1
Icy-Huckleberry-4690,0,0.0016407690434692623,4,38,0,1
Outrageous_Split7246,0,0.0016407690434692623,5,39,0,1
Snoo99928,0,0.0016407690434692623,6,40,0,1
something_nsfw_,0,0.0016407690434692623,7,41,0,1
AdEvening8700,0,0.0016407690434692623,8,42,0,1
devilismypet,0,0.0016407690434692623,9,43,0,1
CheesecakeLonely5691,0,0.0016407690434692623,10,44,0,2
NoScheme7184,0,0.0016407690434692623,11,45,0,1
NewWheelView,3,0.0030355246687629196,0,4,0,2
Illustrious-222,1,0.0016407690434692623,0,4,0,1
Head-Program4023,1,0.0016407690434692623,0,4,0,1
1tonsoprano,1,0.0016407690434692623,0,0,0,1
gyanchand_baba,1,0.0016407690434692623,0,0,0,1
More_Snow_3666,1,0.0016407690434692623,0,0,0,1
iluvnips,1,0.0016407690434692623,0,0,0,1
Traditional-Talk-181,1,0.0016407690434692623,0,0,0,1
Rare_Beginning_6159,2,0.002338146856116091,0,15,0,1
Paurush_paurush,2,0.0030355246687629196,0,32,0,1
Away-Caterpillar9515,1,0.0016407690434692623,0,0,0,1
Gold_Scientist_8860,1,0.0016407690434692623,0,0,0,1
margosi,1,0.0016407690434692623,0,0,0,1
SarfeeraaMusafir,1,0.0016407690434692623,0,32,0,1
wisewords4,1,0.0016407690434692623,0,0,0,1
googleydeadpool,1,0.0016407690434692623,0,0,0,1
Resort_Same,1,0.0016407690434692623,0,0,0,1
EducationalOrchid473,2,0.0030355246687629196,0,33,0,1
DopeNopeDopeNope,1,0.0016407690434692623,0,4,0,1
bombaywali,1,0.0016407690434692623,0,33,0,1
HistoricalAd7249,1,0.0016407690434692623,0,0,0,1
Smart_Guess_5027,1,0.0016407690434692623,0,0,0,1
_HuMaNiSeD_,1,0.0016407690434692623,0,0,0,1
Paddy051,3,0.004752517935448742,0,34,0,3
OrganizationWise1386,2,0.003660641989070331,0,34,0,1
